136,https://service.ringcentral.com/login/main.asp?CDXB%BrandID%:%LoginStr%,5108,1210
136,https://service.ringcentral.com/login/main.asp?CDXB%BrandID%:%LoginStr%,5107,1210
136,https://service.ringcentral.com/login/main.asp?CDXB%BrandID%:%LoginStr%,4999,1210
136,https://service.ringcentral.com/login/main.asp?CDXB%BrandID%:%LoginStr%,5100,1210
136,https://service.ringcentral.com/login/main.asp?CDXB%BrandID%:%LoginStr%,5101,1210
136,https://service.ringcentral.com/login/main.asp?CDXB%BrandID%:%LoginStr%,5102,1210
136,https://service.ringcentral.com/login/main.asp?CDXB%BrandID%:%LoginStr%,5103,1210
136,https://service.ringcentral.com/login/main.asp?CDXB%BrandID%:%LoginStr%,4446,1210
136,https://service.ringcentral.com/login/main.asp?CDXB%BrandID%:%LoginStr%,4816,1210
136,https://service.ringcentral.com/login/main.asp?CDXB%BrandID%:%LoginStr%,4817,1210
136,https://service.ringcentral.com/login/main.asp?CDXB%BrandID%:%LoginStr%,4818,1210
136,https://service.ringcentral.com/login/main.asp?CDXB%BrandID%:%LoginStr%,4819,1210
136,https://service.ringcentral.com/login/main.asp?CDXB%BrandID%:%LoginStr%,4780,1210
136,https://service.ringcentral.com/login/main.asp?CDXB%BrandID%:%LoginStr%,4800,1210
136,https://service.ringcentral.com/login/main.asp?CDXB%BrandID%:%LoginStr%,4801,1210
136,https://service.ringcentral.com/login/main.asp?CDXB%BrandID%:%LoginStr%,4811,1210
136,https://service.ringcentral.com/login/main.asp?CDXB%BrandID%:%LoginStr%,4890,1210
136,https://service.ringcentral.com/login/main.asp?CDXB%BrandID%:%LoginStr%,4812,1210
136,https://service.ringcentral.com/login/main.asp?CDXB%BrandID%:%LoginStr%,4813,1210
136,https://service.ringcentral.com/login/main.asp?CDXB%BrandID%:%LoginStr%,4814,1210
136,https://service.ringcentral.com/login/main.asp?CDXB%BrandID%:%LoginStr%,4449,1210
136,https://service.ringcentral.com/login/main.asp?CDXB%BrandID%:%LoginStr%,4815,1210
136,https://service.ringcentral.com/login/main.asp?CDXB%BrandID%:%LoginStr%,5141,1210
136,https://service.ringcentral.com/login/main.asp?CDXB%BrandID%:%LoginStr%,5144,1210
136,https://service.ringcentral.com/login/main.asp?CDXB%BrandID%:%LoginStr%,5147,1210
136,https://service.ringcentral.com/login/main.asp?CDXB%BrandID%:%LoginStr%,5142,1210
136,https://service.ringcentral.com/login/main.asp?CDXB%BrandID%:%LoginStr%,5145,1210
136,https://service.ringcentral.com/login/main.asp?CDXB%BrandID%:%LoginStr%,5148,1210
136,https://service.ringcentral.com/login/main.asp?CDXB%BrandID%:%LoginStr%,5143,1210
136,https://service.ringcentral.com/login/main.asp?CDXB%BrandID%:%LoginStr%,5160,1210
136,https://service.ringcentral.com/login/main.asp?CDXB%BrandID%:%LoginStr%,5146,1210
136,https://service.ringcentral.com/login/main.asp?CDXB%BrandID%:%LoginStr%,5099,1210
136,https://service.ringcentral.com/login/main.asp?CDXB%BrandID%:%LoginStr%,5161,1210
136,https://service.ringcentral.com/login/main.asp?CDXB%BrandID%:%LoginStr%,5149,1210
136,https://service.ringcentral.com/login/main.asp?CDXB%BrandID%:%LoginStr%,4549,1210
136,https://service.ringcentral.com/login/main.asp?CDXB%BrandID%:%LoginStr%,4447,1210
136,https://service.ringcentral.com/login/main.asp?CDXB%BrandID%:%LoginStr%,4448,1210
136,https://service.ringcentral.com/login/main.asp?CDXB%BrandID%:%LoginStr%,4456,1210
136,https://service.ringcentral.com/login/main.asp?CDXB%BrandID%:%LoginStr%,4457,1210
136,https://service.ringcentral.com/login/main.asp?CDXB%BrandID%:%LoginStr%,4458,1210
812,https://login.ringcentral.com,,1210
136,https://service.ringcentral.com/login/main.asp?CDXB%BrandID%:%LoginStr%,4891,1210
136,https://service.ringcentral.com/login/main.asp?CDXB%BrandID%:%LoginStr%,5990,1210
136,https://service.ringcentral.com/login/main.asp?CDXB%BrandID%:%LoginStr%,4463,1210
136,https://service.ringcentral.com/login/main.asp?CDXB%BrandID%:%LoginStr%,4464,1210
136,https://service.ringcentral.com/login/main.asp?CDXB%BrandID%:%LoginStr%,4465,1210
136,https://service.ringcentral.com/login/main.asp?CDXB%BrandID%:%LoginStr%,4466,1210
136,https://service.ringcentral.com/login/main.asp?CDXB%BrandID%:%LoginStr%,4467,1210
136,https://service.ringcentral.com/login/main.asp?CDXB%BrandID%:%LoginStr%,4468,1210
136,https://service.ringcentral.com/login/main.asp?CDXB%BrandID%:%LoginStr%,4480,1210
136,https://service.ringcentral.com/login/main.asp?CDXB%BrandID%:%LoginStr%,4481,1210
136,https://service.ringcentral.com/login/main.asp?CDXB%BrandID%:%LoginStr%,4482,1210
136,https://service.ringcentral.com/login/main.asp?CDXB%BrandID%:%LoginStr%,4483,1210
136,https://service.ringcentral.com/login/main.asp?CDXB%BrandID%:%LoginStr%,4484,1210
136,https://service.ringcentral.com/login/main.asp?CDXB%BrandID%:%LoginStr%,4485,1210
136,https://service.ringcentral.com/login/main.asp?CDXB%BrandID%:%LoginStr%,4486,1210
136,https://service.ringcentral.com/login/main.asp?CDXB%BrandID%:%LoginStr%,4487,1210
136,https://service.ringcentral.com/login/main.asp?CDXB%BrandID%:%LoginStr%,4488,1210
136,https://service.ringcentral.com/login/main.asp?CDXB%BrandID%:%LoginStr%,4500,1210
136,https://service.ringcentral.com/login/main.asp?CDXB%BrandID%:%LoginStr%,4501,1210
136,https://service.ringcentral.com/login/main.asp?CDXB%BrandID%:%LoginStr%,4511,1210
136,https://service.ringcentral.com/login/main.asp?CDXB%BrandID%:%LoginStr%,4512,1210
136,https://service.ringcentral.com/login/main.asp?CDXB%BrandID%:%LoginStr%,4513,1210
136,https://service.ringcentral.com/login/main.asp?CDXB%BrandID%:%LoginStr%,4514,1210
136,https://service.ringcentral.com/login/main.asp?CDXB%BrandID%:%LoginStr%,4515,1210
136,https://service.ringcentral.com/login/main.asp?CDXB%BrandID%:%LoginStr%,4516,1210
136,https://service.ringcentral.com/login/main.asp?CDXB%BrandID%:%LoginStr%,4517,1210
136,https://service.ringcentral.com/login/main.asp?CDXB%BrandID%:%LoginStr%,4518,1210
136,https://service.ringcentral.com/login/main.asp?CDXB%BrandID%:%LoginStr%,4499,1210
136,https://service.ringcentral.com/login/main.asp?CDXB%BrandID%:%LoginStr%,4519,1210
136,https://service.ringcentral.com/login/main.asp?CDXB%BrandID%:%LoginStr%,4520,1210
136,https://service.ringcentral.com/login/main.asp?CDXB%BrandID%:%LoginStr%,4521,1210
136,https://service.ringcentral.com/login/main.asp?CDXB%BrandID%:%LoginStr%,1299,1210
136,https://service.ringcentral.com/login/main.asp?CDXB%BrandID%:%LoginStr%,4445,1210
136,https://service.ringcentral.com/login/main.asp?CDXB%BrandID%:%LoginStr%,3503,1210
136,https://service.ringcentral.com/login/main.asp?CDXB%BrandID%:%LoginStr%,3504,1210
136,https://service.ringcentral.com/login/main.asp?CDXB%BrandID%:%LoginStr%,3532,1210
136,https://service.ringcentral.com/login/main.asp?CDXB%BrandID%:%LoginStr%,4530,1210
136,https://service.ringcentral.com/login/main.asp?CDXB%BrandID%:%LoginStr%,4634,1210
136,https://service.ringcentral.com/login/main.asp?CDXB%BrandID%:%LoginStr%,4635,1210
136,https://service.ringcentral.com/login/main.asp?CDXB%BrandID%:%LoginStr%,4636,1210
136,https://service.ringcentral.com/login/main.asp?CDXB%BrandID%:%LoginStr%,4573,1210
136,https://service.ringcentral.com/login/main.asp?CDXB%BrandID%:%LoginStr%,4560,1210
136,https://service.ringcentral.com/login/main.asp?CDXB%BrandID%:%LoginStr%,4574,1210
136,https://service.ringcentral.com/login/main.asp?CDXB%BrandID%:%LoginStr%,4561,1210
136,https://service.ringcentral.com/login/main.asp?CDXB%BrandID%:%LoginStr%,4575,1210
136,https://service.ringcentral.com/login/main.asp?CDXB%BrandID%:%LoginStr%,4562,1210
136,https://service.ringcentral.com/login/main.asp?CDXB%BrandID%:%LoginStr%,4563,1210
136,https://service.ringcentral.com/login/main.asp?CDXB%BrandID%:%LoginStr%,4590,1210
136,https://service.ringcentral.com/login/main.asp?CDXB%BrandID%:%LoginStr%,4564,1210
136,https://service.ringcentral.com/login/main.asp?CDXB%BrandID%:%LoginStr%,4565,1210
136,https://service.ringcentral.com/login/main.asp?CDXB%BrandID%:%LoginStr%,4566,1210
136,https://service.ringcentral.com/login/main.asp?CDXB%BrandID%:%LoginStr%,4567,1210
136,https://service.ringcentral.com/login/main.asp?CDXB%BrandID%:%LoginStr%,4568,1210
136,https://service.ringcentral.com/login/main.asp?CDXB%BrandID%:%LoginStr%,4569,1210
136,https://service.ringcentral.com/login/main.asp?CDXB%BrandID%:%LoginStr%,4570,1210
136,https://service.ringcentral.com/login/main.asp?CDXB%BrandID%:%LoginStr%,4571,1210
136,https://service.ringcentral.com/login/main.asp?CDXB%BrandID%:%LoginStr%,4572,1210
136,https://service.ringcentral.com/login/main.asp?CDXB%BrandID%:%LoginStr%,5109,1210
136,https://service.ringcentral.com/login/main.asp?CDXB%BrandID%:%LoginStr%,5110,1210
136,https://service.ringcentral.com/login/main.asp?CDXB%BrandID%:%LoginStr%,5111,1210
136,https://service.ringcentral.com/login/main.asp?CDXB%BrandID%:%LoginStr%,4653,1210
136,https://service.ringcentral.com/login/main.asp?CDXB%BrandID%:%LoginStr%,4652,1210
136,https://service.ringcentral.com/login/main.asp?CDXB%BrandID%:%LoginStr%,4651,1210
136,https://service.ringcentral.com/login/main.asp?CDXB%BrandID%:%LoginStr%,5104,1210
136,https://service.ringcentral.com/login/main.asp?CDXB%BrandID%:%LoginStr%,5105,1210
136,https://service.ringcentral.com/login/main.asp?CDXB%BrandID%:%LoginStr%,5106,1210
136,https://service.ringcentral.com/login/main.asp?CDXB%BrandID%:%LoginStr%,3502,1210
136,https://service.ringcentral.com/login/main.asp?CDXB%BrandID%:%LoginStr%,3361,1210
136,https://service.ringcentral.com/login/main.asp?CDXB%BrandID%:%LoginStr%,3281,1210
136,https://service.ringcentral.com/login/main.asp?CDXB%BrandID%:%LoginStr%,3306,1210
136,https://service.ringcentral.com/login/main.asp?CDXB%BrandID%:%LoginStr%,3226,1210
136,https://service.ringcentral.com/login/main.asp?CDXB%BrandID%:%LoginStr%,3133,1210
136,https://service.ringcentral.com/login/main.asp?CDXB%BrandID%:%LoginStr%,1215,1210
136,https://service.ringcentral.com/login/main.asp?CDXB%BrandID%:%LoginStr%,3122,1210
136,https://service.ringcentral.com/login/main.asp?CDXB%BrandID%:%LoginStr%,3284,1210
136,https://service.ringcentral.com/login/main.asp?CDXB%BrandID%:%LoginStr%,3304,1210
259,https://service.ringcentral.com,,1210
136,https://service.ringcentral.com/login/main.asp?CDXB%BrandID%:%LoginStr%,3346,1210
136,https://service.ringcentral.com/login/main.asp?CDXB%BrandID%:%LoginStr%,3305,1210
136,https://service.ringcentral.com/login/main.asp?CDXB%BrandID%:%LoginStr%,3246,1210
136,https://service.ringcentral.com/login/main.asp?CDXB%BrandID%:%LoginStr%,3227,1210
136,https://service.ringcentral.com/login/main.asp?CDXB%BrandID%:%LoginStr%,3146,1210
136,https://service.ringcentral.com/login/main.asp?CDXB%BrandID%:%LoginStr%,1216,1210
136,https://service.ringcentral.com/login/main.asp?CDXB%BrandID%:%LoginStr%,3283,1210
136,https://service.ringcentral.com/login/main.asp?CDXB%BrandID%:%LoginStr%,3301,1210
136,https://service.ringcentral.com/login/main.asp?CDXB%BrandID%:%LoginStr%,3143,1210
136,https://service.ringcentral.com/login/main.asp?CDXB%BrandID%:%LoginStr%,3282,1210
136,https://service.ringcentral.com/login/main.asp?CDXB%BrandID%:%LoginStr%,3312,1210
136,https://service.ringcentral.com/login/main.asp?CDXB%BrandID%:%LoginStr%,3313,1210
136,https://service.ringcentral.com/login/main.asp?CDXB%BrandID%:%LoginStr%,3311,1210
136,https://service.ringcentral.com/login/main.asp?CDXB%BrandID%:%LoginStr%,3351,1210
136,https://service.ringcentral.com/login/main.asp?CDXB%BrandID%:%LoginStr%,3341,1210
136,https://service.ringcentral.com/login/main.asp?CDXB%BrandID%:%LoginStr%,3342,1210
136,https://service.ringcentral.com/login/main.asp?CDXB%BrandID%:%LoginStr%,3343,1210
136,https://service.ringcentral.com/login/main.asp?CDXB%BrandID%:%LoginStr%,3344,1210
136,https://service.ringcentral.com/login/main.asp?CDXB%BrandID%:%LoginStr%,3345,1210
136,https://service.ringcentral.com/login/main.asp?CDXB%BrandID%:%LoginStr%,3381,1210
136,https://service.ringcentral.com/login/main.asp?CDXB%BrandID%:%LoginStr%,3321,1210
136,https://service.ringcentral.com/login/main.asp?CDXB%BrandID%:%LoginStr%,3322,1210
136,https://service.ringcentral.com/login/main.asp?CDXB%BrandID%:%LoginStr%,3323,1210
136,https://service.ringcentral.com/login/main.asp?CDXB%BrandID%:%LoginStr%,3371,1210
136,https://service.ringcentral.com/login/main.asp?CDXB%BrandID%:%LoginStr%,3201,1210
136,https://service.ringcentral.com/login/main.asp?CDXB%BrandID%:%LoginStr%,3202,1210
136,https://service.ringcentral.com/login/main.asp?CDXB%BrandID%:%LoginStr%,3332,1210
136,https://service.ringcentral.com/login/main.asp?CDXB%BrandID%:%LoginStr%,3324,1210
136,https://service.ringcentral.com/login/main.asp?CDXB%BrandID%:%LoginStr%,1226,1210
136,https://service.ringcentral.com/login/main.asp?CDXB%BrandID%:%LoginStr%,3236,1210
136,https://service.ringcentral.com/login/main.asp?CDXB%BrandID%:%LoginStr%,3237,1210
136,https://service.ringcentral.com/login/main.asp?CDXB%BrandID%:%LoginStr%,3156,1210
136,https://service.ringcentral.com/login/main.asp?CDXB%BrandID%:%LoginStr%,3257,1210
136,https://service.ringcentral.com/login/main.asp?CDXB%BrandID%:%LoginStr%,3166,1210
136,https://service.ringcentral.com/login/main.asp?CDXB%BrandID%:%LoginStr%,3501,1210
136,https://service.ringcentral.com/login/main.asp?CDXB%BrandID%:%LoginStr%,3307,1210
136,https://service.ringcentral.com/login/main.asp?CDXB%BrandID%:%LoginStr%,4422,1210
136,https://service.ringcentral.com/login/main.asp?CDXB%BrandID%:%LoginStr%,4412,1210
136,https://service.ringcentral.com/login/main.asp?CDXB%BrandID%:%LoginStr%,4431,1210
136,https://service.ringcentral.com/login/main.asp?CDXB%BrandID%:%LoginStr%,4432,1210
136,https://service.ringcentral.com/login/main.asp?CDXB%BrandID%:%LoginStr%,4433,1210
136,https://service.ringcentral.com/login/main.asp?CDXB%BrandID%:%LoginStr%,4434,1210
136,https://service.ringcentral.com/login/main.asp?CDXB%BrandID%:%LoginStr%,4435,1210
136,https://service.ringcentral.com/login/main.asp?CDXB%BrandID%:%LoginStr%,4436,1210
136,https://service.ringcentral.com/login/main.asp?CDXB%BrandID%:%LoginStr%,3391,1210
136,https://service.ringcentral.com/login/main.asp?CDXB%BrandID%:%LoginStr%,3392,1210
136,https://service.ringcentral.com/login/main.asp?CDXB%BrandID%:%LoginStr%,4441,1210
136,https://service.ringcentral.com/login/main.asp?CDXB%BrandID%:%LoginStr%,4442,1210
136,https://service.ringcentral.com/login/main.asp?CDXB%BrandID%:%LoginStr%,4443,1210
136,https://service.ringcentral.com/login/main.asp?CDXB%BrandID%:%LoginStr%,4444,1210
136,https://service.ringcentral.com/login/main.asp?CDXB%BrandID%:%LoginStr%,4423,1210
136,https://service.ringcentral.com/login/main.asp?CDXB%BrandID%:%LoginStr%,4461,1210
136,https://service.ringcentral.com/login/main.asp?CDXB%BrandID%:%LoginStr%,4462,1210
259,http://service.ringcentral.biz,,1250
136,https://service.ringcentral.com/login/main.asp?CDXB%BrandID%:%LoginStr%,5799,1250
136,https://service.ringcentral.com/login/main.asp?CDXB%BrandID%:%LoginStr%,1255,1250
812,https://login.ringcentral.biz,,1250
136,https://service.ringcentral.eu/login/main.asp?CDXB%BrandID%:%LoginStr%,2034,2010
136,https://service.ringcentral.eu/login/main.asp?CDXB%BrandID%:%LoginStr%,2051,2010
136,https://service.ringcentral.com/login/main.asp?CDXB%BrandID%:%LoginStr%,5599,2010
136,https://service.ringcentral.eu/login/main.asp?CDXB%BrandID%:%LoginStr%,4699,2010
136,https://service.ringcentral.eu/login/main.asp?CDXB%BrandID%:%LoginStr%,2091,2010
812,https://login.ringcentral.eu,,2010
136,http://service.devtest.ringcentral.com/login/main.asp?CDXB%BrandID%:%LoginStr%,2060,2010
136,https://service.ringcentral.eu/login/main.asp?CDXB%BrandID%:%LoginStr%,2022,2010
136,https://service.ringcentral.eu/login/main.asp?CDXB%BrandID%:%LoginStr%,2021,2010
136,https://service.ringcentral.eu/login/main.asp?CDXB%BrandID%:%LoginStr%,2033,2010
136,https://service.ringcentral.co.uk/login/main.asp?CDXB%BrandID%:%LoginStr%,9020,2010
136,https://service.ringcentral.eu/login/main.asp?CDXB%BrandID%:%LoginStr%,9015,2010
136,https://service.ringcentral.eu/login/main.asp?CDXB%BrandID%:%LoginStr%,2032,2010
136,https://service.ringcentral.eu/login/main.asp?CDXB%BrandID%:%LoginStr%,2031,2010
259,https://service.ringcentral.eu,,2010
136,https://service.ringcentral.eu/login/main.asp?CDXB%BrandID%:%LoginStr%,2024,2010
136,https://service.ringcentral.eu/login/main.asp?CDXB%BrandID%:%LoginStr%,2023,2010
136,https://service.ringcentral.eu/login/main.asp?CDXB%BrandID%:%LoginStr%,2090,2010
136,https://service.ringcentral.eu/login/main.asp?CDXB%BrandID%:%LoginStr%,2052,2010
136,https://service.ringcentral.eu/login/main.asp?CDXB%BrandID%:%LoginStr%,2053,2010
136,https://service.ringcentral.eu/login/main.asp?CDXB%BrandID%:%LoginStr%,2054,2010
136,https://service.unifyoffice.com/login/main.asp?CDXB%BrandID%:%LoginStr%,5299,2020
136, ,2025,2020
812,https://login.unifyoffice.com,,2020
136,https://service.unifyoffice.com/login/main.asp?CDXB%BrandID%:%LoginStr%,5399,2020
259,https://service.unifyoffice.com,,2020
259,https://service.telekom.ringcentral.com,,2030
812,https://login.telekom.ringcentral.com,,2030
136,https://service.telekom.ringcentral.com/login/main.asp?CDXB%BrandID%:%LoginStr%,6399,2030
136,https://service.telekom.ringcentral.com/login/main.asp?CDXB%BrandID%:%LoginStr%,2035,2030
136,https://service.unifyoffice-telekom.ringcentral.com/login/main.asp?CDXB%BrandID%:%LoginStr%,2045,2040
136,https://service.unifyoffice-telekom.ringcentral.com/login/main.asp?CDXB%BrandID%:%LoginStr%,6499,2040
812,https://login.unifyoffice-telekom.ringcentral.com,,2040
259,https://service.unifyoffice-telekom.ringcentral.com,,2040
812,https://login.sunrise.ringcentral.com,,2050
136,https://service.sunrise.ringcentral.com/login/main.asp?CDXB%BrandID%:%LoginStr%,2055,2050
136,https://service.sunrise.ringcentral.com/login/main.asp?CDXB%BrandID%:%LoginStr%,6699,2050
259,https://service.sunrise.ringcentral.com,,2050
259,https://service.rainbowoffice.com,,2110
812,https://login.rainbowoffice.com,,2110
136,https://service.rainbowoffice.com/login/main.asp?CDXB%BrandID%:%LoginStr%,2189,2110
136,https://service.rainbowoffice.com/login/main.asp?CDXB%BrandID%:%LoginStr%,2199,2110
136, ,2115,2110
136, ,2215,2210
812,https://login.verizon.ringcentral.biz,,2210
259,https://service.verizon.ringcentral.biz,,2210
136,https://service.verizon.ringcentral.biz/login/main.asp?CDXB%BrandID%:%LoginStr%,2299,2210
136,https://service-officeathand.att.com/service-site/login/main.html?CDXB%BrandID%:%LoginStr%,3432,3420
136,https://service-officeathand.att.com/service-site/login/main.html?CDXB%BrandID%:%LoginStr%,3433,3420
812,https://login-officeathand.att.com,,3420
136,https://service-officeathand.att.com/service-site/login/main.html?CDXB%BrandID%:%LoginStr%,4527,3420
136,https://service-officeathand.att.com/service-site/login/main.html?CDXB%BrandID%:%LoginStr%,4526,3420
136,https://service-officeathand.att.com/service-site/login/main.html?CDXB%BrandID%:%LoginStr%,4525,3420
136,https://service-officeathand.att.com/service-site/login/main.html?CDXB%BrandID%:%LoginStr%,3439,3420
136,https://service-officeathand.att.com/service-site/login/main.html?CDXB%BrandID%:%LoginStr%,3440,3420
136,https://service-officeathand.att.com/service-site/login/main.html?CDXB%BrandID%:%LoginStr%,3441,3420
136,https://service-officeathand.att.com/service-site/login/main.html?CDXB%BrandID%:%LoginStr%,3442,3420
136,https://service-officeathand.att.com/service-site/login/main.html?CDXB%BrandID%:%LoginStr%,3443,3420
136,https://service-officeathand.att.com/service-site/login/main.html?CDXB%BrandID%:%LoginStr%,3434,3420
136,https://service-officeathand.att.com/service-site/login/main.html?CDXB%BrandID%:%LoginStr%,3435,3420
136,https://service-officeathand.att.com/service-site/login/main.html?CDXB%BrandID%:%LoginStr%,3436,3420
136,https://service-officeathand.att.com/service-site/login/main.html?CDXB%BrandID%:%LoginStr%,3437,3420
136,https://service-officeathand.att.com/service-site/login/main.html?CDXB%BrandID%:%LoginStr%,3438,3420
259,https://service-officeathand.att.com,,3420
136,https://service-officeathand.att.com/service-site/login/main.html?CDXB%BrandID%:%LoginStr%,3431,3420
136,https://service-officeathand.att.com/service-site/login/main.html?CDXB%BrandID%:%LoginStr%,4424,3420
136,https://service-officeathand.att.com/service-site/login/main.html?CDXB%BrandID%:%LoginStr%,4425,3420
136,https://service-officeathand.att.com/service-site/login/main.html?CDXB%BrandID%:%LoginStr%,4426,3420
136,https://service-officeathand.att.com/service-site/login/main.html?CDXB%BrandID%:%LoginStr%,4427,3420
259,https://service-officeathand.att.com,,3460
136,https://service-officeathand.att.com/login/main.asp?CDXB%BrandID%:%LoginStr%,3499,3460
136,https://service-officeathand.att.com/service-site/login/main.html?CDXB%BrandID%:%LoginStr%,3461,3460
812,https://login-officeathand.att.com,,3460
136,https://service-officeathand.att.com/login/main.asp?CDXB%BrandID%:%LoginStr%,3489,3460
136,https://service.ringcentral.com/login/main.asp?CDXB%BrandID%:%LoginStr%,3651,3610
136,https://service.ringcentral.com/login/main.asp?CDXB%BrandID%:%LoginStr%,3661,3610
259,https://service.ringcentral.com,,3610
136,https://service.ringcentral.com/login/main.asp?CDXB%BrandID%:%LoginStr%,3615,3610
136,https://service.ringcentral.com/login/main.asp?CDXB%BrandID%:%LoginStr%,3616,3610
136,https://service.ringcentral.com/login/main.asp?CDXB%BrandID%:%LoginStr%,3626,3610
136,https://service.ringcentral.com/login/main.asp?CDXB%BrandID%:%LoginStr%,3627,3610
136,https://service.ringcentral.com/login/main.asp?CDXB%BrandID%:%LoginStr%,3646,3610
136,https://service.ringcentral.com/login/main.asp?CDXB%BrandID%:%LoginStr%,3656,3610
136,https://service.ringcentral.com/login/main.asp?CDXB%BrandID%:%LoginStr%,3657,3610
136,https://service.ringcentral.com/login/main.asp?CDXB%BrandID%:%LoginStr%,3658,3610
136,https://service.ringcentral.com/login/main.asp?CDXB%BrandID%:%LoginStr%,3622,3610
136,https://service.ringcentral.com/login/main.asp?CDXB%BrandID%:%LoginStr%,3623,3610
136,https://service.ringcentral.com/login/main.asp?CDXB%BrandID%:%LoginStr%,3621,3610
136,https://service.ringcentral.com/login/main.asp?CDXB%BrandID%:%LoginStr%,3624,3610
136,https://service.ringcentral.com/login/main.asp?CDXB%BrandID%:%LoginStr%,3632,3610
136,https://service.ringcentral.com/login/main.asp?CDXB%BrandID%:%LoginStr%,3655,3610
136,https://service.ringcentral.com/login/main.asp?CDXB%BrandID%:%LoginStr%,3666,3610
136,https://service.ringcentral.com/login/main.asp?CDXB%BrandID%:%LoginStr%,3641,3610
136,https://service.ringcentral.com/login/main.asp?CDXB%BrandID%:%LoginStr%,3642,3610
136,https://service.ringcentral.com/login/main.asp?CDXB%BrandID%:%LoginStr%,3643,3610
136,https://service.ringcentral.com/login/main.asp?CDXB%BrandID%:%LoginStr%,3671,3610
136,https://service.ringcentral.com/login/main.asp?CDXB%BrandID%:%LoginStr%,3672,3610
136,https://service.ringcentral.com/login/main.asp?CDXB%BrandID%:%LoginStr%,4451,3610
136,https://service.ringcentral.com/login/main.asp?CDXB%BrandID%:%LoginStr%,4452,3610
136,https://service.ringcentral.com/login/main.asp?CDXB%BrandID%:%LoginStr%,4453,3610
136,https://service.ringcentral.com/login/main.asp?CDXB%BrandID%:%LoginStr%,4454,3610
136,https://service.ringcentral.com/login/main.asp?CDXB%BrandID%:%LoginStr%,4471,3610
136,https://service.ringcentral.com/login/main.asp?CDXB%BrandID%:%LoginStr%,4472,3610
136,https://service.ringcentral.com/login/main.asp?CDXB%BrandID%:%LoginStr%,4473,3610
136,https://service.ringcentral.com/login/main.asp?CDXB%BrandID%:%LoginStr%,4474,3610
136,https://service.ringcentral.com/login/main.asp?CDXB%BrandID%:%LoginStr%,4475,3610
136,https://service.ringcentral.com/login/main.asp?CDXB%BrandID%:%LoginStr%,4476,3610
136,https://service.ringcentral.com/login/main.asp?CDXB%BrandID%:%LoginStr%,4477,3610
136,https://service.ringcentral.com/login/main.asp?CDXB%BrandID%:%LoginStr%,4478,3610
136,https://service.ringcentral.com/login/main.asp?CDXB%BrandID%:%LoginStr%,4600,3610
136,https://service.ringcentral.com/login/main.asp?CDXB%BrandID%:%LoginStr%,4601,3610
136,https://service.ringcentral.com/login/main.asp?CDXB%BrandID%:%LoginStr%,4602,3610
136,https://service.ringcentral.com/login/main.asp?CDXB%BrandID%:%LoginStr%,4603,3610
136,https://service.ringcentral.com/login/main.asp?CDXB%BrandID%:%LoginStr%,4604,3610
136,https://service.ringcentral.com/login/main.asp?CDXB%BrandID%:%LoginStr%,4605,3610
136,https://service.ringcentral.com/login/main.asp?CDXB%BrandID%:%LoginStr%,4606,3610
136,https://service.ringcentral.com/login/main.asp?CDXB%BrandID%:%LoginStr%,4607,3610
136,https://service.ringcentral.com/login/main.asp?CDXB%BrandID%:%LoginStr%,4608,3610
136,https://service.ringcentral.com/login/main.asp?CDXB%BrandID%:%LoginStr%,4609,3610
136,https://service.ringcentral.com/login/main.asp?CDXB%BrandID%:%LoginStr%,4610,3610
136,https://service.ringcentral.com/login/main.asp?CDXB%BrandID%:%LoginStr%,4611,3610
136,https://service.ringcentral.com/login/main.asp?CDXB%BrandID%:%LoginStr%,4470,3610
136,https://service.ringcentral.com/login/main.asp?CDXB%BrandID%:%LoginStr%,4620,3610
136,https://service.ringcentral.com/login/main.asp?CDXB%BrandID%:%LoginStr%,4621,3610
136,https://service.ringcentral.com/login/main.asp?CDXB%BrandID%:%LoginStr%,4626,3610
136,https://service.ringcentral.com/login/main.asp?CDXB%BrandID%:%LoginStr%,4633,3610
136,https://service.ringcentral.com/login/main.asp?CDXB%BrandID%:%LoginStr%,4622,3610
136,https://service.ringcentral.com/login/main.asp?CDXB%BrandID%:%LoginStr%,4627,3610
136,https://service.ringcentral.com/login/main.asp?CDXB%BrandID%:%LoginStr%,4628,3610
136,https://service.ringcentral.com/login/main.asp?CDXB%BrandID%:%LoginStr%,4629,3610
136,https://service.ringcentral.com/login/main.asp?CDXB%BrandID%:%LoginStr%,4630,3610
136,https://service.ringcentral.com/login/main.asp?CDXB%BrandID%:%LoginStr%,4623,3610
136,https://service.ringcentral.com/login/main.asp?CDXB%BrandID%:%LoginStr%,4631,3610
136,https://service.ringcentral.com/login/main.asp?CDXB%BrandID%:%LoginStr%,4624,3610
136,https://service.ringcentral.com/login/main.asp?CDXB%BrandID%:%LoginStr%,4632,3610
136,https://service.ringcentral.com/login/main.asp?CDXB%BrandID%:%LoginStr%,4625,3610
136,https://service.ringcentral.com/login/main.asp?CDXB%BrandID%:%LoginStr%,3673,3610
136,https://service.ringcentral.com/login/main.asp?CDXB%BrandID%:%LoginStr%,3674,3610
136,https://service.ringcentral.com/login/main.asp?CDXB%BrandID%:%LoginStr%,4637,3610
136,https://service.ringcentral.com/login/main.asp?CDXB%BrandID%:%LoginStr%,4638,3610
136,https://service.ringcentral.com/login/main.asp?CDXB%BrandID%:%LoginStr%,4639,3610
136,https://service.ringcentral.com/login/main.asp?CDXB%BrandID%:%LoginStr%,4670,3610
136,https://service.ringcentral.com/login/main.asp?CDXB%BrandID%:%LoginStr%,4671,3610
136,https://service.ringcentral.com/login/main.asp?CDXB%BrandID%:%LoginStr%,4673,3610
136,https://service.ringcentral.com/login/main.asp?CDXB%BrandID%:%LoginStr%,4672,3610
136,https://service.ringcentral.com/login/main.asp?CDXB%BrandID%:%LoginStr%,4674,3610
136,https://service.ringcentral.com/login/main.asp?CDXB%BrandID%:%LoginStr%,4675,3610
136,https://service.ringcentral.com/login/main.asp?CDXB%BrandID%:%LoginStr%,4690,3610
136,https://service.ringcentral.com/login/main.asp?CDXB%BrandID%:%LoginStr%,4660,3610
136,https://service.ringcentral.com/login/main.asp?CDXB%BrandID%:%LoginStr%,4661,3610
136,https://service.ringcentral.com/login/main.asp?CDXB%BrandID%:%LoginStr%,4662,3610
136,https://service.ringcentral.com/login/main.asp?CDXB%BrandID%:%LoginStr%,4663,3610
136,https://service.ringcentral.com/login/main.asp?CDXB%BrandID%:%LoginStr%,4664,3610
136,https://service.ringcentral.com/login/main.asp?CDXB%BrandID%:%LoginStr%,4665,3610
136,https://service.ringcentral.com/login/main.asp?CDXB%BrandID%:%LoginStr%,4666,3610
136,https://service.ringcentral.com/login/main.asp?CDXB%BrandID%:%LoginStr%,4667,3610
136,https://service.ringcentral.com/login/main.asp?CDXB%BrandID%:%LoginStr%,4668,3610
136,https://service.ringcentral.com/login/main.asp?CDXB%BrandID%:%LoginStr%,4669,3610
136,https://service.ringcentral.com/login/main.asp?CDXB%BrandID%:%LoginStr%,5129,3610
136,https://service.ringcentral.com/login/main.asp?CDXB%BrandID%:%LoginStr%,5130,3610
136,https://service.ringcentral.com/login/main.asp?CDXB%BrandID%:%LoginStr%,5131,3610
136,https://service.ringcentral.com/login/main.asp?CDXB%BrandID%:%LoginStr%,5124,3610
136,https://service.ringcentral.com/login/main.asp?CDXB%BrandID%:%LoginStr%,5128,3610
136,https://service.ringcentral.com/login/main.asp?CDXB%BrandID%:%LoginStr%,4932,3610
136,https://service.ringcentral.com/login/main.asp?CDXB%BrandID%:%LoginStr%,5125,3610
136,https://service.ringcentral.com/login/main.asp?CDXB%BrandID%:%LoginStr%,4926,3610
136,https://service.ringcentral.com/login/main.asp?CDXB%BrandID%:%LoginStr%,5126,3610
136,https://service.ringcentral.com/login/main.asp?CDXB%BrandID%:%LoginStr%,4933,3610
136,https://service.ringcentral.com/login/main.asp?CDXB%BrandID%:%LoginStr%,5127,3610
136,https://service.ringcentral.com/login/main.asp?CDXB%BrandID%:%LoginStr%,5120,3610
136,https://service.ringcentral.com/login/main.asp?CDXB%BrandID%:%LoginStr%,3732,3610
136,https://service.ringcentral.com/login/main.asp?CDXB%BrandID%:%LoginStr%,4922,3610
136,https://service.ringcentral.com/login/main.asp?CDXB%BrandID%:%LoginStr%,4925,3610
136,https://service.ringcentral.com/login/main.asp?CDXB%BrandID%:%LoginStr%,4927,3610
136,https://service.ringcentral.com/login/main.asp?CDXB%BrandID%:%LoginStr%,5121,3610
136,https://service.ringcentral.com/login/main.asp?CDXB%BrandID%:%LoginStr%,4928,3610
136,https://service.ringcentral.com/login/main.asp?CDXB%BrandID%:%LoginStr%,5122,3610
136,https://service.ringcentral.com/login/main.asp?CDXB%BrandID%:%LoginStr%,4929,3610
136,https://service.ringcentral.com/login/main.asp?CDXB%BrandID%:%LoginStr%,5123,3610
136,https://service.ringcentral.com/login/main.asp?CDXB%BrandID%:%LoginStr%,4990,3610
136,https://service.ringcentral.com/login/main.asp?CDXB%BrandID%:%LoginStr%,4930,3610
136,https://service.ringcentral.com/login/main.asp?CDXB%BrandID%:%LoginStr%,4923,3610
136,https://service.ringcentral.com/login/main.asp?CDXB%BrandID%:%LoginStr%,4931,3610
136,https://service.ringcentral.com/login/main.asp?CDXB%BrandID%:%LoginStr%,4924,3610
136,https://service.ringcentral.com/login/main.asp?CDXB%BrandID%:%LoginStr%,5157,3610
136,https://service.ringcentral.com/login/main.asp?CDXB%BrandID%:%LoginStr%,5152,3610
136,https://service.ringcentral.com/login/main.asp?CDXB%BrandID%:%LoginStr%,5155,3610
136,https://service.ringcentral.com/login/main.asp?CDXB%BrandID%:%LoginStr%,5158,3610
136,https://service.ringcentral.com/login/main.asp?CDXB%BrandID%:%LoginStr%,5199,3610
136,https://service.ringcentral.com/login/main.asp?CDXB%BrandID%:%LoginStr%,5153,3610
136,https://service.ringcentral.com/login/main.asp?CDXB%BrandID%:%LoginStr%,5156,3610
136,https://service.ringcentral.com/login/main.asp?CDXB%BrandID%:%LoginStr%,5159,3610
136,https://service.ringcentral.com/login/main.asp?CDXB%BrandID%:%LoginStr%,5170,3610
136,https://service.ringcentral.com/login/main.asp?CDXB%BrandID%:%LoginStr%,5171,3610
136,https://service.ringcentral.com/login/main.asp?CDXB%BrandID%:%LoginStr%,5151,3610
136,https://service.ringcentral.com/login/main.asp?CDXB%BrandID%:%LoginStr%,4551,3610
136,https://service.ringcentral.com/login/main.asp?CDXB%BrandID%:%LoginStr%,5154,3610
812,https://login.ringcentral.com,,3610
136,https://service.ringcentral.com/login/main.asp?CDXB%BrandID%:%LoginStr%,4991,3610
136,https://service.ringcentral.com/login/main.asp?CDXB%BrandID%:%LoginStr%,4899,3610
136,https://service.ringcentral.com/login/main.asp?CDXB%BrandID%:%LoginStr%,3399,3610
136,https://service.ringcentral.co.uk/login/main.asp?CDXB%BrandID%:%LoginStr%,4351,3710
136,https://service.ringcentral.co.uk/login/main.asp?CDXB%BrandID%:%LoginStr%,4352,3710
136,https://service.ringcentral.co.uk/login/main.asp?CDXB%BrandID%:%LoginStr%,4353,3710
136,https://service.ringcentral.co.uk/login/main.asp?CDXB%BrandID%:%LoginStr%,4331,3710
136,https://service.ringcentral.co.uk/login/main.asp?CDXB%BrandID%:%LoginStr%,4354,3710
136,https://service.ringcentral.co.uk/login/main.asp?CDXB%BrandID%:%LoginStr%,4334,3710
812,https://login.ringcentral.co.uk,,3710
136,https://service.ringcentral.co.uk/login/main.asp?CDXB%BrandID%:%LoginStr%,5722,3710
136,https://service.ringcentral.co.uk/login/main.asp?CDXB%BrandID%:%LoginStr%,5732,3710
136,https://service.ringcentral.co.uk/login/main.asp?CDXB%BrandID%:%LoginStr%,5742,3710
136,https://service.ringcentral.co.uk/login/main.asp?CDXB%BrandID%:%LoginStr%,5723,3710
136,https://service.ringcentral.co.uk/login/main.asp?CDXB%BrandID%:%LoginStr%,5733,3710
136,https://service.ringcentral.co.uk/login/main.asp?CDXB%BrandID%:%LoginStr%,5743,3710
136,https://service.ringcentral.co.uk/login/main.asp?CDXB%BrandID%:%LoginStr%,5724,3710
136,https://service.ringcentral.co.uk/login/main.asp?CDXB%BrandID%:%LoginStr%,5734,3710
136,https://service.ringcentral.co.uk/login/main.asp?CDXB%BrandID%:%LoginStr%,5744,3710
136,https://service.ringcentral.co.uk/login/main.asp?CDXB%BrandID%:%LoginStr%,4391,3710
136,https://service.ringcentral.co.uk/login/main.asp?CDXB%BrandID%:%LoginStr%,4799,3710
136,https://service.ringcentral.com/login/main.asp?CDXB%BrandID%:%LoginStr%,5499,3710
136,https://service.ringcentral.co.uk/login/main.asp?CDXB%BrandID%:%LoginStr%,3215,3710
136,https://service.ringcentral.co.uk/login/main.asp?CDXB%BrandID%:%LoginStr%,4226,3710
136,https://service.ringcentral.co.uk/login/main.asp?CDXB%BrandID%:%LoginStr%,3216,3710
136,https://service.ringcentral.co.uk/login/main.asp?CDXB%BrandID%:%LoginStr%,4227,3710
136,https://service.ringcentral.co.uk/login/main.asp?CDXB%BrandID%:%LoginStr%,3758,3710
136,https://service.ringcentral.co.uk/login/main.asp?CDXB%BrandID%:%LoginStr%,3717,3710
136,https://service.ringcentral.co.uk/login/main.asp?CDXB%BrandID%:%LoginStr%,3729,3710
136,https://service.ringcentral.co.uk/login/main.asp?CDXB%BrandID%:%LoginStr%,3759,3710
136,https://service.ringcentral.co.uk/login/main.asp?CDXB%BrandID%:%LoginStr%,3760,3710
136,https://service.ringcentral.co.uk/login/main.asp?CDXB%BrandID%:%LoginStr%,3715,3710
136,https://service.ringcentral.co.uk/login/main.asp?CDXB%BrandID%:%LoginStr%,3728,3710
136,https://service.ringcentral.co.uk/login/main.asp?CDXB%BrandID%:%LoginStr%,3716,3710
136,https://service.ringcentral.co.uk/login/main.asp?CDXB%BrandID%:%LoginStr%,3726,3710
136,https://service.ringcentral.co.uk/login/main.asp?CDXB%BrandID%:%LoginStr%,3727,3710
136,https://service.ringcentral.co.uk/login/main.asp?CDXB%BrandID%:%LoginStr%,3761,3710
259,https://service.ringcentral.co.uk,,3710
136,https://service.ringcentral.co.uk/login/main.asp?CDXB%BrandID%:%LoginStr%,3756,3710
136,https://service.ringcentral.co.uk/login/main.asp?CDXB%BrandID%:%LoginStr%,3757,3710
136,https://service.ringcentral.co.uk/login/main.asp?CDXB%BrandID%:%LoginStr%,3951,3710
136,https://service.ringcentral.co.uk/login/main.asp?CDXB%BrandID%:%LoginStr%,3954,3710
136,https://service.ringcentral.co.uk/login/main.asp?CDXB%BrandID%:%LoginStr%,3952,3710
136,https://service.ringcentral.co.uk/login/main.asp?CDXB%BrandID%:%LoginStr%,3953,3710
136,https://service.ringcentral.co.uk/login/main.asp?CDXB%BrandID%:%LoginStr%,3931,3710
136,https://service.ringcentral.co.uk/login/main.asp?CDXB%BrandID%:%LoginStr%,3934,3710
136,https://service.ringcentral.co.uk/login/main.asp?CDXB%BrandID%:%LoginStr%,3932,3710
136,https://service.ringcentral.co.uk/login/main.asp?CDXB%BrandID%:%LoginStr%,3933,3710
136,https://service.ringcentral.co.uk/login/main.asp?CDXB%BrandID%:%LoginStr%,3921,3710
136,https://service.ringcentral.co.uk/login/main.asp?CDXB%BrandID%:%LoginStr%,3924,3710
136,https://service.ringcentral.co.uk/login/main.asp?CDXB%BrandID%:%LoginStr%,3922,3710
136,https://service.ringcentral.co.uk/login/main.asp?CDXB%BrandID%:%LoginStr%,3923,3710
136,https://service.ringcentral.co.uk/login/main.asp?CDXB%BrandID%:%LoginStr%,3961,3710
136,https://service.ringcentral.co.uk/login/main.asp?CDXB%BrandID%:%LoginStr%,3964,3710
136,https://service.ringcentral.co.uk/login/main.asp?CDXB%BrandID%:%LoginStr%,3962,3710
136,https://service.ringcentral.co.uk/login/main.asp?CDXB%BrandID%:%LoginStr%,3963,3710
136,https://service.ringcentral.co.uk/login/main.asp?CDXB%BrandID%:%LoginStr%,3920,3710
136,https://service.ringcentral.com/login/main.asp?CDXB%BrandID%:%LoginStr%,3960,3710
136,https://service.ringcentral.co.uk/login/main.asp?CDXB%BrandID%:%LoginStr%,4251,3710
136,https://service.ringcentral.co.uk/login/main.asp?CDXB%BrandID%:%LoginStr%,4252,3710
136,https://service.ringcentral.co.uk/login/main.asp?CDXB%BrandID%:%LoginStr%,4253,3710
136,https://service.ringcentral.co.uk/login/main.asp?CDXB%BrandID%:%LoginStr%,4231,3710
136,https://service.ringcentral.co.uk/login/main.asp?CDXB%BrandID%:%LoginStr%,4254,3710
136,https://service.ringcentral.co.uk/login/main.asp?CDXB%BrandID%:%LoginStr%,4234,3710
136,https://service.ringcentral.co.uk/login/main.asp?CDXB%BrandID%:%LoginStr%,4232,3710
136,https://service.ringcentral.co.uk/login/main.asp?CDXB%BrandID%:%LoginStr%,4233,3710
136,https://service.ringcentral.co.uk/login/main.asp?CDXB%BrandID%:%LoginStr%,4221,3710
136,https://service.ringcentral.co.uk/login/main.asp?CDXB%BrandID%:%LoginStr%,4224,3710
136,https://service.ringcentral.co.uk/login/main.asp?CDXB%BrandID%:%LoginStr%,4222,3710
136,https://service.ringcentral.co.uk/login/main.asp?CDXB%BrandID%:%LoginStr%,4290,3710
136,https://service.ringcentral.co.uk/login/main.asp?CDXB%BrandID%:%LoginStr%,4223,3710
136,https://service.ringcentral.co.uk/login/main.asp?CDXB%BrandID%:%LoginStr%,4214,3710
136,https://service.ringcentral.co.uk/login/main.asp?CDXB%BrandID%:%LoginStr%,4213,3710
136,https://service.ringcentral.co.uk/login/main.asp?CDXB%BrandID%:%LoginStr%,4212,3710
136,https://service.ringcentral.co.uk/login/main.asp?CDXB%BrandID%:%LoginStr%,4211,3710
136,https://service.ringcentral.co.uk/login/main.asp?CDXB%BrandID%:%LoginStr%,4332,3710
136,https://service.ringcentral.co.uk/login/main.asp?CDXB%BrandID%:%LoginStr%,4333,3710
136,https://service.ringcentral.co.uk/login/main.asp?CDXB%BrandID%:%LoginStr%,4321,3710
136,https://service.ringcentral.co.uk/login/main.asp?CDXB%BrandID%:%LoginStr%,4324,3710
136,https://service.ringcentral.co.uk/login/main.asp?CDXB%BrandID%:%LoginStr%,4322,3710
136,https://service.ringcentral.co.uk/login/main.asp?CDXB%BrandID%:%LoginStr%,4390,3710
136,https://service.ringcentral.co.uk/login/main.asp?CDXB%BrandID%:%LoginStr%,4323,3710
136,https://service.ringcentral.co.uk/login/main.asp?CDXB%BrandID%:%LoginStr%,4314,3710
136,https://service.ringcentral.co.uk/login/main.asp?CDXB%BrandID%:%LoginStr%,4313,3710
136,https://service.ringcentral.co.uk/login/main.asp?CDXB%BrandID%:%LoginStr%,4312,3710
136,https://service.ringcentral.co.uk/login/main.asp?CDXB%BrandID%:%LoginStr%,4311,3710
259,https://service.ecotel.ringcentral.com,,4210
136,https://service.ecotel.ringcentral.com/login/main.asp?CDXB%BrandID%:%LoginStr%,4299,4210
136,https://service.ecotel.ringcentral.com/login/main.asp?CDXB%BrandID%:%LoginStr%,4215,4210
812,https://login.ecotel.ringcentral.com,,4210
259,https://service.eastlink.ringcentral.com,,4610
136,https://service.eastlink.ringcentral.com/login/main.asp?CDXB%BrandID%:%LoginStr%,5999,4610
136,https://service.eastlink.ringcentral.com/login/main.asp?CDXB%BrandID%:%LoginStr%,4615,4610
812,https://login.eastlink.ringcentral.com,,4610
259,https://service.1und1.ringcentral.com,,4710
136,https://service.1und1.ringcentral.com/login/main.asp?CDXB%BrandID%:%LoginStr%,6299,4710
136,https://service.1und1.ringcentral.com/login/main.asp?CDXB%BrandID%:%LoginStr%,4715,4710
812,https://login.1und1.ringcentral.com,,4710
259,https://service.symphony.ringcentral.com,,4810
136,https://service.symphony.ringcentral.com/login/main.asp?CDXB%BrandID%:%LoginStr%,6199,4810
136,https://service.symphony.ringcentral.com/login/main.asp?CDXB%BrandID%:%LoginStr%,4821,4810
812,https://login.symphony.ringcentral.com,,4810
259,https://service.frontier.ringcentral.com,,4910
136,https://service.frontier.ringcentral.com/login/main.asp?CDXB%BrandID%:%LoginStr%,6599,4910
136,login.frontier.ringcentral.com,4915,4910
812,https://login.frontier.ringcentral.com,,4910
136,https://service.ringcentral.com.au/login/main.asp?CDXB%BrandID%:%LoginStr%,5042,5010
136,https://service.ringcentral.com/login/main.asp?CDXB%BrandID%:%LoginStr%,5699,5010
136,https://service.ringcentral.com.au/login/main.asp?CDXB%BrandID%:%LoginStr%,5043,5010
136,https://service.ringcentral.com.au/login/main.asp?CDXB%BrandID%:%LoginStr%,5061,5010
136,https://service.ringcentral.com.au/login/main.asp?CDXB%BrandID%:%LoginStr%,5044,5010
136,https://service.ringcentral.com.au/login/main.asp?CDXB%BrandID%:%LoginStr%,5051,5010
259,https://service.ringcentral.com.au,,5010
136,https://service.ringcentral.com.au/login/main.asp?CDXB%BrandID%:%LoginStr%,5052,5010
812,https://login.ringcentral.com.au,,5010
136,https://service.ringcentral.com.au/login/main.asp?CDXB%BrandID%:%LoginStr%,5015,5010
136,https://service.ringcentral.com.au/login/main.asp?CDXB%BrandID%:%LoginStr%,5053,5010
136,https://service.ringcentral.com.au/login/main.asp?CDXB%BrandID%:%LoginStr%,5031,5010
136,https://service.ringcentral.com.au/login/main.asp?CDXB%BrandID%:%LoginStr%,5054,5010
136,http://service.devtest.ringcentral.com/login/main.asp?CDXB%BrandID%:%LoginStr%,5060,5010
136,https://service.ringcentral.com.au/login/main.asp?CDXB%BrandID%:%LoginStr%,5021,5010
136,https://service.ringcentral.com.au/login/main.asp?CDXB%BrandID%:%LoginStr%,5032,5010
136,https://service.ringcentral.com.au/login/main.asp?CDXB%BrandID%:%LoginStr%,5033,5010
136,https://service.ringcentral.com.au/login/main.asp?CDXB%BrandID%:%LoginStr%,5034,5010
136,https://service.ringcentral.com.au/login/main.asp?CDXB%BrandID%:%LoginStr%,5041,5010
136,https://service.ringcentral.com.au/login/main.asp?CDXB%BrandID%:%LoginStr%,5062,5010
136,https://service.ringcentral.com.au/login/main.asp?CDXB%BrandID%:%LoginStr%,5036,5010
136,https://service.ringcentral.com.au/login/main.asp?CDXB%BrandID%:%LoginStr%,5037,5010
136,https://service.ringcentral.com.au/login/main.asp?CDXB%BrandID%:%LoginStr%,5045,5010
136,https://service.ringcentral.com.au/login/main.asp?CDXB%BrandID%:%LoginStr%,5046,5010
136,https://service.ringcentral.com.au/login/main.asp?CDXB%BrandID%:%LoginStr%,5047,5010
136,https://service.ringcentral.com.au/login/main.asp?CDXB%BrandID%:%LoginStr%,5035,5010
136,https://service.ringcentral.com.au/login/main.asp?CDXB%BrandID%:%LoginStr%,5055,5010
136,https://service.ringcentral.com.au/login/main.asp?CDXB%BrandID%:%LoginStr%,5056,5010
136,https://service.ringcentral.com.au/login/main.asp?CDXB%BrandID%:%LoginStr%,5057,5010
136,https://service.ringcentral.com.au/login/main.asp?CDXB%BrandID%:%LoginStr%,4599,5010
136,https://service.ringcentral.com.au/login/main.asp?CDXB%BrandID%:%LoginStr%,5022,5010
259,http://service.spectrumbusiness.ringcentral.com,,5110
136, ,5115,5110
812,https://login.spectrumbusiness.ringcentral.com/,,5110
136,https://login.spectrumbusiness.ringcentral.com,6799,5110
259,http://service.spectrumenterprise.ringcentral.com,,5210
136,https://login.spectrumbusiness.ringcentral.com,6899,5210
136, ,5215,5210
812,https://login.spectrumenterprise.ringcentral.com/,,5210
259,https://service.cloudoffice.avaya.com,,6010
136,https://service.cloudoffice.avaya.com/login/main.asp?CDXB%BrandID%:%LoginStr%,6015,6010
812,https://login.cloudoffice.avaya.com,,6010
136,https://service.cloudoffice.avaya.com/login/main.asp?CDXB%BrandID%:%LoginStr%,6099,6010
259,https://service.vodafonebusiness.ringcentral.com,,7010
136,https://service.vodafonebusiness.ringcentral.com/login/main.asp?CDXB%BrandID%:%LoginStr%,5899,7010
136,https://service.ringcentral.co.uk/login/main.asp?CDXB%BrandID%:%LoginStr%,7015,7010
812,https://login.vodafonebusiness.ringcentral.com,,7010
136,https://voicemanager.businessconnect.telus.com/login/main.asp?CDXB%BrandID%:%LoginStr%,7315,7310
136,https://voicemanager.businessconnect.telus.com/login/main.asp?CDXB%BrandID%:%LoginStr%,7398,7310
136,https://voicemanager.businessconnect.telus.com/login/main.asp?CDXB%BrandID%:%LoginStr%,7314,7310
259,https://voicemanager.businessconnect.telus.com,,7310
136,https://voicemanager.businessconnect.telus.com/login/main.asp?CDXB%BrandID%:%LoginStr%,7312,7310
136,https://voicemanager.businessconnect.telus.com/login/main.asp?CDXB%BrandID%:%LoginStr%,7316,7310
136,https://voicemanager.businessconnect.telus.com/login/main.asp?CDXB%BrandID%:%LoginStr%,7317,7310
136,https://voicemanager.businessconnect.telus.com/login/main.asp?CDXB%BrandID%:%LoginStr%,7318,7310
136,https://voicemanager.businessconnect.telus.com/login/main.asp?CDXB%BrandID%:%LoginStr%,7326,7310
136,https://voicemanager.businessconnect.telus.com/login/main.asp?CDXB%BrandID%:%LoginStr%,7322,7310
812,https://login-businessconnect.telus.com,,7310
136,https://voicemanager.businessconnect.telus.com/login/main.asp?CDXB%BrandID%:%LoginStr%,7330,7310
136,https://voicemanager.businessconnect.telus.com/login/main.asp?CDXB%BrandID%:%LoginStr%,7334,7310
136,https://voicemanager.businessconnect.telus.com/login/main.asp?CDXB%BrandID%:%LoginStr%,7331,7310
136,https://voicemanager.businessconnect.telus.com/login/main.asp?CDXB%BrandID%:%LoginStr%,7320,7310
136,https://voicemanager.businessconnect.telus.com/login/main.asp?CDXB%BrandID%:%LoginStr%,7399,7310
136,https://voicemanager.businessconnect.telus.com/login/main.asp?CDXB%BrandID%:%LoginStr%,7313,7310
136,https://portal.btcloudphone.bt.com/login/main.asp?CDXB%BrandID%:%LoginStr%,7868,7710
136,https://portal.btcloudphone.bt.com/login/main.asp?CDXB%BrandID%:%LoginStr%,7850,7710
136,https://portal.btcloudphone.bt.com/login/main.asp?CDXB%BrandID%:%LoginStr%,7870,7710
136,https://portal.btcloudphone.bt.com/login/main.asp?CDXB%BrandID%:%LoginStr%,7852,7710
812,https://login.btcloudphone.bt.com,,7710
136,https://portal.btcloudphone.bt.com/login/main.asp?CDXB%BrandID%:%LoginStr%,7902,7710
136,https://portal.btcloudphone.bt.com/login/main.asp?CDXB%BrandID%:%LoginStr%,7901,7710
136,https://portal.btcloudphone.bt.com/login/main.asp?CDXB%BrandID%:%LoginStr%,7903,7710
136,https://portal.btcloudphone.bt.com/login/main.asp?CDXB%BrandID%:%LoginStr%,7904,7710
136,https://portal.btcloudphone.bt.com/login/main.asp?CDXB%BrandID%:%LoginStr%,7905,7710
136,https://portal.btcloudphone.bt.com/login/main.asp?CDXB%BrandID%:%LoginStr%,7906,7710
136,https://portal.btcloudphone.bt.com/login/main.asp?CDXB%BrandID%:%LoginStr%,7910,7710
136,https://portal.btcloudphone.bt.com/login/main.asp?CDXB%BrandID%:%LoginStr%,7911,7710
136,https://portal.btcloudphone.bt.com/login/main.asp?CDXB%BrandID%:%LoginStr%,7912,7710
136,https://portal.btcloudphone.bt.com/login/main.asp?CDXB%BrandID%:%LoginStr%,7913,7710
136,https://portal.btcloudphone.bt.com/login/main.asp?CDXB%BrandID%:%LoginStr%,7914,7710
136,https://portal.btcloudphone.bt.com/login/main.asp?CDXB%BrandID%:%LoginStr%,7915,7710
136,https://portal.btcloudphone.bt.com/login/main.asp?CDXB%BrandID%:%LoginStr%,7916,7710
136,https://portal.btcloudphone.bt.com/login/main.asp?CDXB%BrandID%:%LoginStr%,7907,7710
136,https://portal.btcloudphone.bt.com/login/main.asp?CDXB%BrandID%:%LoginStr%,7917,7710
136,https://portal.btcloudphone.bt.com/login/main.asp?CDXB%BrandID%:%LoginStr%,7908,7710
136,https://portal.btcloudphone.bt.com/login/main.asp?CDXB%BrandID%:%LoginStr%,7918,7710
136,https://portal.btcloudphone.bt.com/login/main.asp?CDXB%BrandID%:%LoginStr%,7909,7710
136,https://portal.btcloudphone.bt.com/login/main.asp?CDXB%BrandID%:%LoginStr%,7950,7710
136,https://portal.btcloudphone.bt.com/login/main.asp?CDXB%BrandID%:%LoginStr%,7958,7710
136,https://portal.btcloudphone.bt.com/login/main.asp?CDXB%BrandID%:%LoginStr%,7953,7710
136,https://portal.btcloudphone.bt.com/login/main.asp?CDXB%BrandID%:%LoginStr%,7799,7710
136,https://portal.btcloudphone.bt.com/login/main.asp?CDXB%BrandID%:%LoginStr%,7951,7710
136,https://portal.btcloudphone.bt.com/login/main.asp?CDXB%BrandID%:%LoginStr%,7954,7710
136,https://portal.btcloudphone.bt.com/login/main.asp?CDXB%BrandID%:%LoginStr%,7952,7710
136,https://portal.btcloudphone.bt.com/login/main.asp?CDXB%BrandID%:%LoginStr%,7955,7710
136,https://portal.btcloudphone.bt.com/login/main.asp?CDXB%BrandID%:%LoginStr%,7956,7710
136,https://portal.btcloudphone.bt.com/login/main.asp?CDXB%BrandID%:%LoginStr%,7957,7710
259,https://portal.btcloudphone.bt.com,,7710
136,https://portal.btcloudphone.bt.com/login/main.asp?CDXB%BrandID%:%LoginStr%,7747,7710
136,https://portal.btcloudphone.bt.com/login/main.asp?CDXB%BrandID%:%LoginStr%,7783,7710
136,https://portal.btcloudphone.bt.com/login/main.asp?CDXB%BrandID%:%LoginStr%,7715,7710
136,https://portal.btcloudphone.bt.com/login/main.asp?CDXB%BrandID%:%LoginStr%,7767,7710
136,https://portal.btcloudphone.bt.com/login/main.asp?CDXB%BrandID%:%LoginStr%,7793,7710
136,https://portal.btcloudphone.bt.com/login/main.asp?CDXB%BrandID%:%LoginStr%,7721,7710
136,https://portal.btcloudphone.bt.com/login/main.asp?CDXB%BrandID%:%LoginStr%,7748,7710
136,https://portal.btcloudphone.bt.com/login/main.asp?CDXB%BrandID%:%LoginStr%,7784,7710
136,https://portal.btcloudphone.bt.com/login/main.asp?CDXB%BrandID%:%LoginStr%,7722,7710
136,https://portal.btcloudphone.bt.com/login/main.asp?CDXB%BrandID%:%LoginStr%,7768,7710
136,https://portal.btcloudphone.bt.com/login/main.asp?CDXB%BrandID%:%LoginStr%,7794,7710
136,https://portal.btcloudphone.bt.com/login/main.asp?CDXB%BrandID%:%LoginStr%,7723,7710
136,https://portal.btcloudphone.bt.com/login/main.asp?CDXB%BrandID%:%LoginStr%,7749,7710
136,https://portal.btcloudphone.bt.com/login/main.asp?CDXB%BrandID%:%LoginStr%,7785,7710
136,https://portal.btcloudphone.bt.com/login/main.asp?CDXB%BrandID%:%LoginStr%,7724,7710
136,https://portal.btcloudphone.bt.com/login/main.asp?CDXB%BrandID%:%LoginStr%,7741,7710
136,https://portal.btcloudphone.bt.com/login/main.asp?CDXB%BrandID%:%LoginStr%,7769,7710
136,https://portal.btcloudphone.bt.com/login/main.asp?CDXB%BrandID%:%LoginStr%,7795,7710
136,https://portal.btcloudphone.bt.com/login/main.asp?CDXB%BrandID%:%LoginStr%,7786,7710
136,https://portal.btcloudphone.bt.com/login/main.asp?CDXB%BrandID%:%LoginStr%,7761,7710
136,https://portal.btcloudphone.bt.com/login/main.asp?CDXB%BrandID%:%LoginStr%,7750,7710
136,https://portal.btcloudphone.bt.com/login/main.asp?CDXB%BrandID%:%LoginStr%,7796,7710
136,https://portal.btcloudphone.bt.com/login/main.asp?CDXB%BrandID%:%LoginStr%,7742,7710
136,https://portal.btcloudphone.bt.com/login/main.asp?CDXB%BrandID%:%LoginStr%,7770,7710
136,https://portal.btcloudphone.bt.com/login/main.asp?CDXB%BrandID%:%LoginStr%,7824,7710
136,https://portal.btcloudphone.bt.com/login/main.asp?CDXB%BrandID%:%LoginStr%,7762,7710
136,https://portal.btcloudphone.bt.com/login/main.asp?CDXB%BrandID%:%LoginStr%,7751,7710
136,https://portal.btcloudphone.bt.com/login/main.asp?CDXB%BrandID%:%LoginStr%,7743,7710
136,https://portal.btcloudphone.bt.com/login/main.asp?CDXB%BrandID%:%LoginStr%,7771,7710
136,https://portal.btcloudphone.bt.com/login/main.asp?CDXB%BrandID%:%LoginStr%,7752,7710
136,https://portal.btcloudphone.bt.com/login/main.asp?CDXB%BrandID%:%LoginStr%,7763,7710
136,https://portal.btcloudphone.bt.com/login/main.asp?CDXB%BrandID%:%LoginStr%,7772,7710
136,https://portal.btcloudphone.bt.com/login/main.asp?CDXB%BrandID%:%LoginStr%,7823,7710
136,https://portal.btcloudphone.bt.com/login/main.asp?CDXB%BrandID%:%LoginStr%,7744,7710
136,https://portal.btcloudphone.bt.com/login/main.asp?CDXB%BrandID%:%LoginStr%,7781,7710
136,https://portal.btcloudphone.bt.com/login/main.asp?CDXB%BrandID%:%LoginStr%,7764,7710
136,https://portal.btcloudphone.bt.com/login/main.asp?CDXB%BrandID%:%LoginStr%,7791,7710
136,https://portal.btcloudphone.bt.com/login/main.asp?CDXB%BrandID%:%LoginStr%,7745,7710
136,https://portal.btcloudphone.bt.com/login/main.asp?CDXB%BrandID%:%LoginStr%,7782,7710
136,https://portal.btcloudphone.bt.com/login/main.asp?CDXB%BrandID%:%LoginStr%,7765,7710
136,https://portal.btcloudphone.bt.com/login/main.asp?CDXB%BrandID%:%LoginStr%,7792,7710
136,https://portal.btcloudphone.bt.com/login/main.asp?CDXB%BrandID%:%LoginStr%,7746,7710
136,https://portal.btcloudphone.bt.com/login/main.asp?CDXB%BrandID%:%LoginStr%,7766,7710
136,https://portal.btcloudphone.bt.com/login/main.asp?CDXB%BrandID%:%LoginStr%,7872,7710
136,https://portal.btcloudphone.bt.com/login/main.asp?CDXB%BrandID%:%LoginStr%,7845,7710
136,https://portal.btcloudphone.bt.com/login/main.asp?CDXB%BrandID%:%LoginStr%,7883,7710
136,https://portal.btcloudphone.bt.com/login/main.asp?CDXB%BrandID%:%LoginStr%,7865,7710
136,https://portal.btcloudphone.bt.com/login/main.asp?CDXB%BrandID%:%LoginStr%,7847,7710
136,https://portal.btcloudphone.bt.com/login/main.asp?CDXB%BrandID%:%LoginStr%,7893,7710
136,https://portal.btcloudphone.bt.com/login/main.asp?CDXB%BrandID%:%LoginStr%,7867,7710
136,https://portal.btcloudphone.bt.com/login/main.asp?CDXB%BrandID%:%LoginStr%,7885,7710
136,https://portal.btcloudphone.bt.com/login/main.asp?CDXB%BrandID%:%LoginStr%,7849,7710
136,https://portal.btcloudphone.bt.com/login/main.asp?CDXB%BrandID%:%LoginStr%,7895,7710
136,https://portal.btcloudphone.bt.com/login/main.asp?CDXB%BrandID%:%LoginStr%,7869,7710
136,https://portal.btcloudphone.bt.com/login/main.asp?CDXB%BrandID%:%LoginStr%,7884,7710
136,https://portal.btcloudphone.bt.com/login/main.asp?CDXB%BrandID%:%LoginStr%,7851,7710
136,https://portal.btcloudphone.bt.com/login/main.asp?CDXB%BrandID%:%LoginStr%,7894,7710
136,https://portal.btcloudphone.bt.com/login/main.asp?CDXB%BrandID%:%LoginStr%,7871,7710
136,https://portal.btcloudphone.bt.com/login/main.asp?CDXB%BrandID%:%LoginStr%,7886,7710
136,https://portal.btcloudphone.bt.com/login/main.asp?CDXB%BrandID%:%LoginStr%,7846,7710
136,https://portal.btcloudphone.bt.com/login/main.asp?CDXB%BrandID%:%LoginStr%,7896,7710
136,https://portal.btcloudphone.bt.com/login/main.asp?CDXB%BrandID%:%LoginStr%,7866,7710
136,https://portal.btcloudphone.bt.com/login/main.asp?CDXB%BrandID%:%LoginStr%,7848,7710
